Loan_ID,Gender,Marrital_Status,Self_Employed,Education,Applicant_Income,DependentsCount,LoanAmount,Loan_Term,CoapplicantIncome,Credit_History,Loan_Status
L1,1,1,0,1,2600.0,0,115.0,326.0,3500.0,1,1
L2,1,1,0,1,5649.0,1,44.0,360.0,0.0,1,1
L3,1,1,0,1,3988.0,1,50.0,240.0,0.0,1,1
L4,1,1,1,1,3316.0,2,88.0,360.0,3500.0,1,1
L5,1,1,0,1,51763.0,4,700.0,300.0,0.0,1,1
L6,1,1,0,1,2221.0,0,60.0,360.0,0.0,0,0
L7,1,1,0,0,6608.0,1,137.0,180.0,0.0,1,1
L8,1,1,0,1,3153.0,2,134.0,360.0,1560.0,1,1
L9,1,0,0,1,4384.0,1,117.0,360.0,1793.0,1,1
L10,1,0,0,1,3583.0,0,96.0,360.0,0.0,1,0
L11,1,1,1,1,16120.0,0,260.0,360.0,0.0,1,1
L12,1,1,0,1,7583.0,2,187.0,360.0,0.0,1,1
L14,1,1,0,1,6083.0,1,330.0,360.0,4250.0,1,1
L15,1,1,0,1,6083.0,1,330.0,360.0,4250.0,1,1
L16,1,1,0,1,2014.0,1,113.0,360.0,2925.0,1,0
L17,1,1,0,1,63337.0,0,490.0,180.0,0.0,1,1
L18,1,1,0,0,2167.0,0,115.0,360.0,2400.0,1,1
L19,1,1,0,1,8799.0,2,258.0,360.0,0.0,0,0
L20,1,0,0,1,3333.0,0,70.0,360.0,0.0,1,1
L21,0,0,0,1,2378.0,0,9.0,360.0,0.0,1,0
L22,0,0,0,1,416.0,4,350.0,180.0,41667.0,1,0
L23,0,1,0,1,4666.0,1,135.0,360.0,0.0,1,1
L24,1,1,0,1,1538.0,1,30.0,360.0,1425.0,1,1
L25,1,0,0,1,3600.0,0,80.0,360.0,0.0,1,0
L26,1,0,0,1,1800.0,0,47.0,360.0,1213.0,1,1
L27,0,0,0,1,3427.0,2,138.0,360.0,0.0,1,0
L28,1,1,0,1,4750.0,0,130.0,360.0,2333.0,1,1
L30,0,0,0,1,416.0,4,350.0,180.0,41667.0,1,0
L32,1,0,0,0,2333.0,0,102.0,480.0,1451.0,0,0
L33,0,0,0,1,6000.0,0,156.0,360.0,0.0,1,1
L34,1,1,0,1,7250.0,1,110.0,326.0,1667.0,0,0
L35,0,1,0,1,345.0,2,200.0,120.0,78000.0,0,0
Semi76,1,1,1,1,9560.0,0,191.0,360.0,0.0,1,1
Semi77,1,1,1,0,1875.0,2,97.0,360.0,1875.0,1,1
Semi78,1,1,0,1,6000.0,0,265.0,360.0,2250.0,1,0
Semi79,1,0,0,0,3748.0,0,110.0,360.0,1668.0,1,1
Semi80,0,0,0,1,4166.0,0,116.0,360.0,0.0,0,0
Semi81,1,0,0,1,4133.0,0,122.0,360.0,0.0,1,1
Semi82,1,1,0,1,5516.0,4,495.0,360.0,11300.0,0,0
Semi83,1,1,0,1,4400.0,2,127.0,360.0,0.0,0,0
Semi84,1,1,0,1,9083.0,0,228.0,360.0,0.0,1,1
Semi85,0,0,1,1,2600.0,0,99.0,300.0,1717.0,1,0
Semi86,1,1,0,1,4758.0,0,158.0,480.0,0.0,1,1
Semi87,1,1,0,1,4310.0,0,130.0,360.0,0.0,1,1
Semi88,0,0,1,0,3867.0,1,62.0,360.0,0.0,1,0
Semi90,1,1,1,1,2083.0,0,160.0,360.0,4083.0,1,1
Semi91,1,1,0,1,16692.0,0,110.0,360.0,0.0,1,1
Semi92,1,1,0,1,8333.0,2,246.0,360.0,0.0,1,1
Semi93,0,1,0,1,4608.0,1,140.0,180.0,2845.0,1,1
Semi94,1,1,0,1,6540.0,2,205.0,360.0,0.0,1,1
Semi95,0,0,1,1,4583.0,0,133.0,360.0,0.0,0,0
Semi96,0,0,0,1,2138.0,0,99.0,360.0,0.0,0,0
Semi97,1,0,0,0,4707.0,4,148.0,360.0,1993.0,1,1
Semi98,0,0,1,1,15759.0,0,55.0,360.0,0.0,1,1
Semi99,1,1,0,0,2875.0,0,105.0,360.0,1750.0,1,1
Semi100,1,1,0,1,6250.0,2,210.0,360.0,1695.0,1,1
Semi101,1,1,0,0,1863.0,0,98.0,360.0,1041.0,1,1
Semi102,1,0,0,1,2366.0,0,136.0,360.0,2531.0,1,1
Semi103,1,0,0,1,4895.0,0,102.0,360.0,0.0,1,1
Semi104,0,0,0,1,3086.0,0,120.0,360.0,0.0,1,1
Semi105,1,1,0,1,2500.0,0,104.0,360.0,2118.0,1,1
Semi106,1,1,0,1,2957.0,2,81.0,360.0,0.0,1,1
Semi107,1,1,1,1,39147.0,0,120.0,360.0,4750.0,1,1
Semi108,1,1,0,0,1668.0,0,201.0,360.0,3890.0,0,0
Semi109,1,1,0,1,2499.0,0,160.0,360.0,2458.0,1,1
Semi110,0,0,1,0,3867.0,1,62.0,360.0,0.0,1,0
Semi111,0,0,0,0,5191.0,1,132.0,360.0,0.0,1,1
Semi112,1,1,0,0,3814.0,0,124.0,300.0,1483.0,1,1
Semi113,1,1,1,1,10139.0,4,260.0,360.0,0.0,1,1
Semi114,1,1,0,1,3155.0,1,140.0,360.0,1779.0,1,1
R36,1,1,0,0,3365.0,2,112.0,360.0,3497.5,1,0
R37,1,1,0,0,2653.0,1,113.0,180.0,3497.5,1,0
R39,1,1,0,1,5042.0,2,185.0,360.0,3497.5,1,0
R40,1,1,0,1,4167.0,2,158.0,360.0,3497.5,1,1
R41,1,1,0,1,2920.0,0,87.0,360.0,3497.5,1,1
R42,1,1,0,1,2383.0,0,58.0,360.0,3497.5,1,1
R43,0,0,0,1,3166.0,0,132.0,360.0,3497.5,1,1
R44,0,0,0,1,3812.0,1,112.0,360.0,3497.5,1,1
R45,1,1,0,1,2787.0,1,146.0,360.0,3497.5,1,0
R46,1,1,1,1,17500.0,2,400.0,360.0,3497.5,1,1
R47,0,0,0,1,3812.0,1,112.0,360.0,3497.5,1,1
R48,1,0,0,1,3676.0,0,172.0,360.0,3497.5,1,1
R49,0,0,0,1,2900.0,0,71.0,360.0,3497.5,1,1
R50,1,1,1,1,7948.0,2,480.0,360.0,3497.5,1,1
R52,1,1,1,1,2577.0,0,152.0,360.0,3497.5,1,1
R53,1,1,0,0,7667.0,2,185.0,360.0,3497.5,1,1
R54,1,1,0,0,7667.0,2,185.0,360.0,3497.5,1,1
R55,1,1,0,0,4887.0,0,133.0,360.0,3497.5,1,0
R56,1,1,0,0,2647.0,4,173.0,360.0,3497.5,1,0
R57,1,1,0,1,15000.0,4,300.0,360.0,3497.5,1,1
R58,1,1,0,0,2281.0,2,113.0,360.0,3497.5,1,0
R59,0,0,0,1,2378.0,0,46.0,360.0,3497.5,1,0
R60,1,1,0,1,2383.0,0,58.0,360.0,3497.5,1,1
R61,1,1,1,1,8666.0,1,376.0,360.0,3497.5,1,0
R62,0,1,1,1,5500.0,0,105.0,360.0,3497.5,1,0
R63,1,0,0,0,3902.0,0,109.0,360.0,3497.5,1,1
R64,1,1,0,0,2253.0,0,110.0,360.0,3497.5,1,1
R65,1,1,0,1,2920.0,0,87.0,360.0,3497.5,1,1
R66,1,1,0,1,3539.0,0,55.0,360.0,3497.5,1,0
R67,1,1,0,1,2483.0,0,90.0,180.0,3497.5,1,1
R68,1,1,1,1,16525.0,2,150.0,360.0,3497.5,1,1
